INSERT INTO Auteurs (nom,prenom) VALUES ('Hanin','Georges-Alexandre') ;
INSERT INTO Auteurs (nom,prenom) VALUES ('Pichot','Laurence') ;
INSERT INTO Auteurs (nom,prenom) VALUES ('Burel','Bertile') ;
INSERT INTO Auteurs (nom,prenom) VALUES ('Blatier','Thierry') ;
INSERT INTO Auteurs (nom,prenom) VALUES ('Defoort','Mélanie') ;
INSERT INTO Auteurs (nom,prenom) VALUES ('François','Cyril') ;
INSERT INTO Auteurs (nom,prenom) VALUES ('Raynaud','Marc') ;
INSERT INTO Auteurs (nom,prenom) VALUES ('Lemaitre','Olivier') ;
INSERT INTO Auteurs (nom,prenom) VALUES ('Leclercq','Ange-Philippe') ;
INSERT INTO Auteurs (nom,prenom) VALUES ('Nieuwyaer','Pierre') ;
INSERT INTO Auteurs (nom,prenom) VALUES ('Faivre-Duboz','Thomas') ;
INSERT INTO Auteurs (nom,prenom) VALUES ('El','Moulay') ;
INSERT INTO Auteurs (nom,prenom) VALUES ('Decroix','Julien') ;
INSERT INTO Auteurs (nom,prenom) VALUES ('Chambas','Dominique') ;
INSERT INTO Auteurs (nom,prenom) VALUES ('Huet','Jean-Michel') ;
INSERT INTO Auteurs (nom,prenom) VALUES ('Wéry','Etienne') ;
INSERT INTO Auteurs (nom,prenom) VALUES ('Ovazza','Youmna') ;
INSERT INTO Auteurs (nom,prenom) VALUES ('Molkentin-Lacuve','Susanne') ;
INSERT INTO Auteurs (nom,prenom) VALUES ('Klotz','Frédéric') ;
INSERT INTO Auteurs (nom,prenom) VALUES ('Oulmi','Rodolphe') ;
INSERT INTO Auteurs (nom,prenom) VALUES ('Dubarry','Sana') ;
INSERT INTO Auteurs (nom,prenom) VALUES ('Rouquette','Stéphane') ;
INSERT INTO Auteurs (nom,prenom) VALUES ('Haussler','Mechthild') ;
INSERT INTO Auteurs (nom,prenom) VALUES ('Griffin','Chris') ;
INSERT INTO Auteurs (nom,prenom) VALUES ('Macé','Emmanuel') ;
INSERT INTO Auteurs (nom,prenom) VALUES ('Plat','Eric') ;
INSERT INTO Auteurs (nom,prenom) VALUES ('d'Harcourt','Pierre') ;
INSERT INTO Auteurs (nom,prenom) VALUES ('Louvet','Benoît') ;
INSERT INTO Auteurs (nom,prenom) VALUES ('Toporkoff','Michel') ;
INSERT INTO Auteurs (nom,prenom) VALUES ('Wood','Nick') ;
INSERT INTO Auteurs (nom,prenom) VALUES ('Goavec','Philippe') ;
INSERT INTO Auteurs (nom,prenom) VALUES ('Rubat','Baptiste') ;
INSERT INTO Auteurs (nom,prenom) VALUES ('Podvin','Pascal') ;
INSERT INTO Auteurs (nom,prenom) VALUES ('Jeannin','Frédéric') ;
INSERT INTO Auteurs (nom,prenom) VALUES ('Thys','Jean-Pascal') ;
INSERT INTO Auteurs (nom,prenom) VALUES ('Peudon','Tarik') ;
INSERT INTO Auteurs (nom,prenom) VALUES ('Antunes','Victor') ;
INSERT INTO Auteurs (nom,prenom) VALUES ('Darnault','Sébastien') ;
INSERT INTO Auteurs (nom,prenom) VALUES ('Cetkovic','Nenad') ;
INSERT INTO Auteurs (nom,prenom) VALUES ('Vermorel','Martin') ;
INSERT INTO Auteurs (nom,prenom) VALUES ('Nicard','Philippe') ;
INSERT INTO Auteurs (nom,prenom) VALUES ('de','Bénédicte') ;
INSERT INTO Auteurs (nom,prenom) VALUES ('Darriere','Romain') ;
INSERT INTO Auteurs (nom,prenom) VALUES ('Marroncle','David') ;
INSERT INTO Auteurs (nom,prenom) VALUES ('Ryndak','Olivier') ;
INSERT INTO Auteurs (nom,prenom) VALUES ('Braux','Bertrand') ;
INSERT INTO Auteurs (nom,prenom) VALUES ('Galichère','Olivier') ;
INSERT INTO Auteurs (nom,prenom) VALUES ('Witwer','Mikael') ;
INSERT INTO Auteurs (nom,prenom) VALUES ('Lamon','Bernard') ;
INSERT INTO Auteurs (nom,prenom) VALUES ('Jean-Baptiste','Renié') ;
INSERT INTO Auteurs (nom,prenom) VALUES ('Cardoso','Miguel') ;
INSERT INTO Auteurs (nom,prenom) VALUES ('Princen','Guillaume') ;
INSERT INTO Auteurs (nom,prenom) VALUES ('Verron','François') ;
INSERT INTO Auteurs (nom,prenom) VALUES ('Escoffier','Stéphane') ;
INSERT INTO Auteurs (nom,prenom) VALUES ('Bulard-Luc','Romain') ;
INSERT INTO Auteurs (nom,prenom) VALUES ('Gazagne','Gregory') ;
INSERT INTO Auteurs (nom,prenom) VALUES ('Faurès','Thibaut') ;
INSERT INTO Auteurs (nom,prenom) VALUES ('Bontemps','Philippe') ;
INSERT INTO Auteurs (nom,prenom) VALUES ('Gaillard','Frédéric') ;
INSERT INTO Auteurs (nom,prenom) VALUES ('Leveque','Emilie') ;
INSERT INTO Auteurs (nom,prenom) VALUES ('Dabi-Schwebel','Gabriel') ;
INSERT INTO Auteurs (nom,prenom) VALUES ('Garcia','Maxime') ;
INSERT INTO Auteurs (nom,prenom) VALUES ('Heen','Didier') ;
INSERT INTO Auteurs (nom,prenom) VALUES ('Chatanay','Patrick') ;
INSERT INTO Auteurs (nom,prenom) VALUES ('Kretchmar','James') ;
INSERT INTO Auteurs (nom,prenom) VALUES ('Barens','Jimmy') ;
INSERT INTO Auteurs (nom,prenom) VALUES ('Frémicourt','Laure') ;
INSERT INTO Auteurs (nom,prenom) VALUES ('Chambaz','Cedric') ;
INSERT INTO Auteurs (nom,prenom) VALUES ('Cimetière','Florian') ;
INSERT INTO Auteurs (nom,prenom) VALUES ('Bressolles','Grégory') ;
INSERT INTO Auteurs (nom,prenom) VALUES ('Jubré','Mathieu') ;
INSERT INTO Auteurs (nom,prenom) VALUES ('Buisson','Aurélie') ;
INSERT INTO Auteurs (nom,prenom) VALUES ('Fauconnier,','Flore') ;
INSERT INTO Auteurs (nom,prenom) VALUES ('Arroyas','Laure') ;
INSERT INTO Auteurs (nom,prenom) VALUES ('Sadowy','Yannick') ;
INSERT INTO Auteurs (nom,prenom) VALUES ('Girard','Antoine') ;
INSERT INTO Auteurs (nom,prenom) VALUES ('Bailly','Philippe') ;
INSERT INTO Auteurs (nom,prenom) VALUES ('Richard','Annabelle') ;
INSERT INTO Auteurs (nom,prenom) VALUES ('Denolle','Thibaud') ;
INSERT INTO Auteurs (nom,prenom) VALUES ('Rédaction','La') ;
INSERT INTO Auteurs (nom,prenom) VALUES ('Jackson','Sean') ;
INSERT INTO Auteurs (nom,prenom) VALUES ('Pirlot','Juan') ;
INSERT INTO Auteurs (nom,prenom) VALUES ('Bloch','Hervé') ;
INSERT INTO Auteurs (nom,prenom) VALUES ('Müller','Christiane') ;
INSERT INTO Auteurs (nom,prenom) VALUES ('Bernasson','Olivier') ;
INSERT INTO Auteurs (nom,prenom) VALUES ('Kristiansson','Pontus') ;
INSERT INTO Auteurs (nom,prenom) VALUES ('Hoareau','Jimmy') ;
INSERT INTO Auteurs (nom,prenom) VALUES ('Sauvage','Laure') ;
INSERT INTO Auteurs (nom,prenom) VALUES ('Magnan-Saurin','Olivier') ;
INSERT INTO Auteurs (nom,prenom) VALUES ('Van','Hugues') ;
INSERT INTO Auteurs (nom,prenom) VALUES ('Cotinat','Olivier') ;
INSERT INTO Auteurs (nom,prenom) VALUES ('Momboisse','François') ;
INSERT INTO Auteurs (nom,prenom) VALUES ('Dupiellet','Grégoire') ;
INSERT INTO Auteurs (nom,prenom) VALUES ('Maingot','Yannick') ;
INSERT INTO Auteurs (nom,prenom) VALUES ('Duiquet','Laurent') ;
INSERT INTO Auteurs (nom,prenom) VALUES ('Thorsen','Eric') ;
INSERT INTO Auteurs (nom,prenom) VALUES ('Vincent','Thibault') ;
INSERT INTO Auteurs (nom,prenom) VALUES ('Mesere','Mickael') ;
INSERT INTO Auteurs (nom,prenom) VALUES ('De','Kees') ;
INSERT INTO Auteurs (nom,prenom) VALUES ('Chiaramonte','Romain') ;
INSERT INTO Auteurs (nom,prenom) VALUES ('Staub','Sylvain') ;
INSERT INTO Auteurs (nom,prenom) VALUES ('Quinton','Christopher') ;
INSERT INTO Auteurs (nom,prenom) VALUES ('Da','Abel') ;
INSERT INTO Auteurs (nom,prenom) VALUES ('André','Alexandra') ;
INSERT INTO Auteurs (nom,prenom) VALUES ('De','Michel') ;
INSERT INTO Auteurs (nom,prenom) VALUES ('Ducrot','Virginie') ;
INSERT INTO Auteurs (nom,prenom) VALUES ('Fontaine','Jimi') ;
INSERT INTO Auteurs (nom,prenom) VALUES ('Ho','Linh') ;
INSERT INTO Auteurs (nom,prenom) VALUES ('Stanislas','Gad') ;
INSERT INTO Auteurs (nom,prenom) VALUES ('Dupont-Métayer','François') ;
INSERT INTO Auteurs (nom,prenom) VALUES ('Raymond','Timothée') ;
INSERT INTO Auteurs (nom,prenom) VALUES ('Chauvigné','Eric') ;
INSERT INTO Auteurs (nom,prenom) VALUES ('Clément','Thibaud') ;
INSERT INTO Auteurs (nom,prenom) VALUES ('(La','Rédaction') ;
INSERT INTO Auteurs (nom,prenom) VALUES ('Storrer','Pierre') ;
INSERT INTO Auteurs (nom,prenom) VALUES ('Falkman','Anne-Laure') ;
INSERT INTO Auteurs (nom,prenom) VALUES ('Roth','Maël') ;
INSERT INTO Auteurs (nom,prenom) VALUES ('Demnard','Raphaël') ;
INSERT INTO Auteurs (nom,prenom) VALUES ('Flond','Charles') ;
INSERT INTO Auteurs (nom,prenom) VALUES ('Granger','Gilles') ;
INSERT INTO Auteurs (nom,prenom) VALUES ('Robertz','Gerd') ;
INSERT INTO Auteurs (nom,prenom) VALUES ('Dehaussy','Romain') ;
INSERT INTO Auteurs (nom,prenom) VALUES ('Fredouelle','Aude') ;
INSERT INTO Auteurs (nom,prenom) VALUES ('Schott','Olivier') ;
INSERT INTO Auteurs (nom,prenom) VALUES ('Abrahams','Charlie') ;
INSERT INTO Auteurs (nom,prenom) VALUES ('Alix','Thomas') ;
INSERT INTO Auteurs (nom,prenom) VALUES ('Gauthier','Isabelle') ;
INSERT INTO Auteurs (nom,prenom) VALUES ('Fourey','Nathalie') ;
INSERT INTO Auteurs (nom,prenom) VALUES ('Picard','Romain') ;
INSERT INTO Auteurs (nom,prenom) VALUES ('Simpson','Charles') ;
INSERT INTO Auteurs (nom,prenom) VALUES ('Rochet','Olivier') ;
INSERT INTO Auteurs (nom,prenom) VALUES ('Mucciardi','Adriano') ;
INSERT INTO Auteurs (nom,prenom) VALUES ('Vega','José') ;
INSERT INTO Auteurs (nom,prenom) VALUES ('Sroussi','William') ;
INSERT INTO Auteurs (nom,prenom) VALUES ('Chabault','Vincent') ;
INSERT INTO Auteurs (nom,prenom) VALUES ('Bosselut','Julien') ;
INSERT INTO Auteurs (nom,prenom) VALUES ('Nahon','Claude') ;
INSERT INTO Auteurs (nom,prenom) VALUES ('Knibiehly','Herbert') ;
INSERT INTO Auteurs (nom,prenom) VALUES ('Samson','John') ;
INSERT INTO Auteurs (nom,prenom) VALUES ('Dematte','Arnaud') ;
INSERT INTO Auteurs (nom,prenom) VALUES ('Elemento','Pierre') ;
INSERT INTO Auteurs (nom,prenom) VALUES ('Maujean','Philippe') ;
INSERT INTO Auteurs (nom,prenom) VALUES ('Favresse','Christophe') ;
INSERT INTO Auteurs (nom,prenom) VALUES ('Brabant','Gilles') ;
INSERT INTO Auteurs (nom,prenom) VALUES ('Deleporte','Bénédicte') ;
INSERT INTO Auteurs (nom,prenom) VALUES ('Balayre','Laurent') ;
INSERT INTO Auteurs (nom,prenom) VALUES ('Bruno','Laborie') ;
INSERT INTO Auteurs (nom,prenom) VALUES ('Pellemans,','Yves') ;
INSERT INTO Auteurs (nom,prenom) VALUES ('Guimard','Pierre') ;
INSERT INTO Auteurs (nom,prenom) VALUES ('Mamet','Didier') ;
INSERT INTO Auteurs (nom,prenom) VALUES ('Monet','Marie-Laure') ;
INSERT INTO Auteurs (nom,prenom) VALUES ('Chraibi','Youssef') ;
INSERT INTO Auteurs (nom,prenom) VALUES ('Hansert','Oliver') ;
INSERT INTO Auteurs (nom,prenom) VALUES ('Belin','Jean-Baptiste') ;
INSERT INTO Auteurs (nom,prenom) VALUES ('Jumeaux','Laurence') ;
INSERT INTO Auteurs (nom,prenom) VALUES ('Rosenthal','Frank') ;
INSERT INTO Auteurs (nom,prenom) VALUES ('Houviez','Alain') ;
INSERT INTO Auteurs (nom,prenom) VALUES ('Richard-Lanneyrie','Sophie') ;
INSERT INTO Auteurs (nom,prenom) VALUES ('Seite','Albin') ;
INSERT INTO Auteurs (nom,prenom) VALUES ('Cadilhac','Paul-Emile') ;
INSERT INTO Auteurs (nom,prenom) VALUES ('Bajeux','Marion') ;
INSERT INTO Auteurs (nom,prenom) VALUES ('Sutter','François') ;
INSERT INTO Auteurs (nom,prenom) VALUES ('Ramos','François') ;
INSERT INTO Auteurs (nom,prenom) VALUES ('De','Gaël') ;
INSERT INTO Auteurs (nom,prenom) VALUES ('Tan','James') ;
INSERT INTO Auteurs (nom,prenom) VALUES ('Gayraud','Alexandre') ;
INSERT INTO Auteurs (nom,prenom) VALUES ('Reiss','Thomas') ;
INSERT INTO Auteurs (nom,prenom) VALUES ('Scheriff','Michael') ;
INSERT INTO Auteurs (nom,prenom) VALUES ('Dufresne','Marie') ;
INSERT INTO Auteurs (nom,prenom) VALUES ('Inconnu','Inconnu') ;
INSERT INTO Auteurs (nom,prenom) VALUES ('Lougnon','Thibault') ;
INSERT INTO Auteurs (nom,prenom) VALUES ('Thomas','Grégoire') ;
INSERT INTO Auteurs (nom,prenom) VALUES ('Tillaud','Véronique') ;
INSERT INTO Auteurs (nom,prenom) VALUES ('Weil','Joséphine') ;
INSERT INTO Auteurs (nom,prenom) VALUES ('Fauvin','Hervé') ;
INSERT INTO Auteurs (nom,prenom) VALUES ('De','Lélia') ;
INSERT INTO Auteurs (nom,prenom) VALUES ('Guislain','Benoit') ;
INSERT INTO Auteurs (nom,prenom) VALUES ('Laurent','Benoit') ;
INSERT INTO Auteurs (nom,prenom) VALUES ('Binet','Julien') ;
INSERT INTO Auteurs (nom,prenom) VALUES ('Kockelbergh','Xavier') ;
INSERT INTO Auteurs (nom,prenom) VALUES ('Lacas','François') ;
INSERT INTO Auteurs (nom,prenom) VALUES ('Claudel','Christophe') ;
INSERT INTO Auteurs (nom,prenom) VALUES ('Lieux,','Jean-Paul') ;
INSERT INTO Auteurs (nom,prenom) VALUES ('Lorvo','Fabrice') ;
INSERT INTO Auteurs (nom,prenom) VALUES ('Lucas','Sébastien') ;
INSERT INTO Auteurs (nom,prenom) VALUES ('Marcombe','Michel') ;
INSERT INTO Auteurs (nom,prenom) VALUES ('Fray','Cedric') ;
INSERT INTO Auteurs (nom,prenom) VALUES ('Tobias','Eric') ;
INSERT INTO Auteurs (nom,prenom) VALUES ('Bouilliez','Benjamin') ;
INSERT INTO Auteurs (nom,prenom) VALUES ('Mayaud','Alexandre') ;
INSERT INTO Auteurs (nom,prenom) VALUES ('Romano','Luc') ;
INSERT INTO Auteurs (nom,prenom) VALUES ('Gaymard','Pierre') ;
INSERT INTO Auteurs (nom,prenom) VALUES ('Goetz','Chloé') ;
INSERT INTO Auteurs (nom,prenom) VALUES ('Delorme','Pascale') ;
INSERT INTO Auteurs (nom,prenom) VALUES ('Senaux','Charles') ;
INSERT INTO Auteurs (nom,prenom) VALUES ('Bril','Guillaume') ;
INSERT INTO Auteurs (nom,prenom) VALUES ('Hutin','Raphaelle') ;
INSERT INTO Auteurs (nom,prenom) VALUES ('Vivier','Emmanuel') ;
INSERT INTO Auteurs (nom,prenom) VALUES ('Nadir','Jean-Pierre') ;
INSERT INTO Auteurs (nom,prenom) VALUES ('Passalacqua','Fabio') ;
INSERT INTO Auteurs (nom,prenom) VALUES ('Walker','Simon') ;
INSERT INTO Auteurs (nom,prenom) VALUES ('Polier','Jean') ;
INSERT INTO Auteurs (nom,prenom) VALUES ('Schreiber','Bruno') ;
INSERT INTO Auteurs (nom,prenom) VALUES ('Acarie','Arnaud') ;
INSERT INTO Auteurs (nom,prenom) VALUES ('Hadjadj','Mike') ;
INSERT INTO Auteurs (nom,prenom) VALUES ('Casucci','Marino') ;
INSERT INTO Auteurs (nom,prenom) VALUES ('Durand','Mickael') ;
INSERT INTO Auteurs (nom,prenom) VALUES ('Martin','Ludovic') ;
INSERT INTO Auteurs (nom,prenom) VALUES ('Franc','Yannick') ;
INSERT INTO Auteurs (nom,prenom) VALUES ('Rotrou','Guillaume') ;
INSERT INTO Auteurs (nom,prenom) VALUES ('Lezy','Frédéric') ;
INSERT INTO Auteurs (nom,prenom) VALUES ('Behr','Emmanuelle') ;
INSERT INTO Auteurs (nom,prenom) VALUES ('Vettier','Colin') ;
INSERT INTO Auteurs (nom,prenom) VALUES ('Gompel','David') ;
INSERT INTO Auteurs (nom,prenom) VALUES ('Mehl','Khalid') ;
INSERT INTO Auteurs (nom,prenom) VALUES ('Franck','Lord') ;
INSERT INTO Auteurs (nom,prenom) VALUES ('Jouan-Gastou','Emmanuel') ;
INSERT INTO Auteurs (nom,prenom) VALUES ('Joanides','Bruno') ;
INSERT INTO Auteurs (nom,prenom) VALUES ('Schmitt','Philippe') ;
INSERT INTO Auteurs (nom,prenom) VALUES ('Dudok','David') ;
INSERT INTO Auteurs (nom,prenom) VALUES ('Tallent','Xavière') ;
INSERT INTO Auteurs (nom,prenom) VALUES ('Passamonti','Ludovic') ;
INSERT INTO Auteurs (nom,prenom) VALUES ('Féral-Schuhl','Christiane') ;
INSERT INTO Auteurs (nom,prenom) VALUES ('Natral','Brendan') ;
INSERT INTO Auteurs (nom,prenom) VALUES ('Chéron','Antoine') ;
INSERT INTO Auteurs (nom,prenom) VALUES ('Prewitt','Jim') ;
INSERT INTO Auteurs (nom,prenom) VALUES ('Herbé','Grégory') ;
INSERT INTO Auteurs (nom,prenom) VALUES ('Jacquot','Yves') ;
INSERT INTO Auteurs (nom,prenom) VALUES ('Delalande','Nicolas') ;
INSERT INTO Auteurs (nom,prenom) VALUES ('Teszner','Benjamin') ;
INSERT INTO Auteurs (nom,prenom) VALUES ('Gihan','Denis') ;
INSERT INTO Auteurs (nom,prenom) VALUES ('Matas','Jennifer') ;
INSERT INTO Auteurs (nom,prenom) VALUES ('Hinzen','Spencer') ;
INSERT INTO Auteurs (nom,prenom) VALUES ('Stäbe','Martin') ;
INSERT INTO Auteurs (nom,prenom) VALUES ('Clarke','Scott') ;
INSERT INTO Auteurs (nom,prenom) VALUES ('Dimeglio','Arnaud') ;
INSERT INTO Auteurs (nom,prenom) VALUES ('Chopin','Benoît') ;
INSERT INTO Auteurs (nom,prenom) VALUES ('Passalacqua','Nicolas') ;
INSERT INTO Auteurs (nom,prenom) VALUES ('Pied','Christophe') ;
INSERT INTO Auteurs (nom,prenom) VALUES ('Ruscher','Nicolas') ;
INSERT INTO Auteurs (nom,prenom) VALUES ('Pasotti','Michel') ;
INSERT INTO Auteurs (nom,prenom) VALUES ('Saumande','Julien') ;
INSERT INTO Auteurs (nom,prenom) VALUES ('Holmes','Ryan') ;
INSERT INTO Auteurs (nom,prenom) VALUES ('Moreau','Josselin') ;
INSERT INTO Auteurs (nom,prenom) VALUES ('Poggi','Anne-Sophie') ;
INSERT INTO Auteurs (nom,prenom) VALUES ('Lubet','Sophie') ;
INSERT INTO Auteurs (nom,prenom) VALUES ('Kupersztych','Laurent') ;
INSERT INTO Auteurs (nom,prenom) VALUES ('Jond-Necand','Alexandre') ;
INSERT INTO Auteurs (nom,prenom) VALUES ('Foussard','Julien') ;
INSERT INTO Auteurs (nom,prenom) VALUES ('Bosquet','Christophe') ;
INSERT INTO Auteurs (nom,prenom) VALUES ('Noël','Jean-Marc') ;
INSERT INTO Auteurs (nom,prenom) VALUES ('Malchirand','Rémy') ;
INSERT INTO Auteurs (nom,prenom) VALUES ('Leveringhaus','Julia') ;
INSERT INTO Auteurs (nom,prenom) VALUES ('Kirsch','Roman') ;
INSERT INTO Auteurs (nom,prenom) VALUES ('Degobert','Olivier') ;
INSERT INTO Auteurs (nom,prenom) VALUES ('Aimé','Philippe') ;
INSERT INTO Auteurs (nom,prenom) VALUES ('Grenier','Frantz') ;
INSERT INTO Auteurs (nom,prenom) VALUES ('Ebrard','Quentin') ;
INSERT INTO Auteurs (nom,prenom) VALUES ('Herscovic','Jérémie') ;
INSERT INTO Auteurs (nom,prenom) VALUES ('Saint-Cirgue','Marc') ;
INSERT INTO Auteurs (nom,prenom) VALUES ('Le','Agnès') ;
INSERT INTO Auteurs (nom,prenom) VALUES ('Rivoire','Thomas') ;
INSERT INTO Auteurs (nom,prenom) VALUES ('Col','Pierre') ;
INSERT INTO Auteurs (nom,prenom) VALUES ('Du','Cyril') ;
INSERT INTO Auteurs (nom,prenom) VALUES ('Ferrié','Aurélien') ;
INSERT INTO Auteurs (nom,prenom) VALUES ('Sané','Jimaan') ;
INSERT INTO Auteurs (nom,prenom) VALUES ('Bengier','Jim') ;
INSERT INTO Auteurs (nom,prenom) VALUES ('Farraj','Sam') ;
INSERT INTO Auteurs (nom,prenom) VALUES ('Cooper','Darren') ;
INSERT INTO Auteurs (nom,prenom) VALUES ('Salord','Bertrand') ;
INSERT INTO Auteurs (nom,prenom) VALUES ('Chovet','Bertrand') ;
INSERT INTO Auteurs (nom,prenom) VALUES ('Witvoet','Emmanuel') ;
INSERT INTO Auteurs (nom,prenom) VALUES ('Zimmermann','Peter') ;
INSERT INTO Auteurs (nom,prenom) VALUES ('Plichon','Philippe') ;
INSERT INTO Auteurs (nom,prenom) VALUES ('Chau','David') ;
INSERT INTO Auteurs (nom,prenom) VALUES ('Scialom','Antoine') ;
INSERT INTO Auteurs (nom,prenom) VALUES ('Nebouy','Gérard') ;
INSERT INTO Auteurs (nom,prenom) VALUES ('Della-Chiesa','Jean-Bernard') ;
INSERT INTO Auteurs (nom,prenom) VALUES ('Liguori','Gilles') ;
INSERT INTO Auteurs (nom,prenom) VALUES ('Pottiez','Antoine') ;
INSERT INTO Auteurs (nom,prenom) VALUES ('Phillips','Adrian') ;
INSERT INTO Auteurs (nom,prenom) VALUES ('Brooks','Gary') ;
INSERT INTO Auteurs (nom,prenom) VALUES ('Bonechi','Bruno') ;
INSERT INTO Auteurs (nom,prenom) VALUES ('Medjebeur','Laouari') ;
INSERT INTO Auteurs (nom,prenom) VALUES ('Jonglez','Timothée') ;
INSERT INTO Auteurs (nom,prenom) VALUES ('Mathiot','Olivier') ;
INSERT INTO Auteurs (nom,prenom) VALUES ('Massiere','Chirine') ;
INSERT INTO Auteurs (nom,prenom) VALUES ('Dutendas','Antoine') ;
INSERT INTO Auteurs (nom,prenom) VALUES ('Saada-Benaben','Céline') ;
INSERT INTO Auteurs (nom,prenom) VALUES ('Poidevin','Blandine') ;
INSERT INTO Auteurs (nom,prenom) VALUES ('Douat','Frédéric') ;
INSERT INTO Auteurs (nom,prenom) VALUES ('Schulz','Nathalie') ;
INSERT INTO Auteurs (nom,prenom) VALUES ('Guérin','Fabrice') ;
INSERT INTO Auteurs (nom,prenom) VALUES ('Bonnet','Florence') ;
INSERT INTO Auteurs (nom,prenom) VALUES ('Stefan','Oberg') ;
INSERT INTO Auteurs (nom,prenom) VALUES ('Marsolan','Pascal') ;
INSERT INTO Auteurs (nom,prenom) VALUES ('Wargnier','Philippe') ;
INSERT INTO Auteurs (nom,prenom) VALUES ('Zenou','Benjamin') ;
INSERT INTO Auteurs (nom,prenom) VALUES ('Fournout','Vincent') ;
INSERT INTO Auteurs (nom,prenom) VALUES ('Giordano','Eric') ;
INSERT INTO Auteurs (nom,prenom) VALUES ('Sehad','Mohamed') ;
INSERT INTO Auteurs (nom,prenom) VALUES ('Falempin','Luc') ;
INSERT INTO Auteurs (nom,prenom) VALUES ('Humbert','Didier') ;
INSERT INTO Auteurs (nom,prenom) VALUES ('Sala-Martin','Jean-Philippe') ;
INSERT INTO Auteurs (nom,prenom) VALUES ('Mercier','Jean-Pierre') ;
INSERT INTO Auteurs (nom,prenom) VALUES ('Gourlet','Emmanuel') ;
INSERT INTO Auteurs (nom,prenom) VALUES ('','Wansquare') ;
INSERT INTO Auteurs (nom,prenom) VALUES ('Clément','Frédéric') ;
INSERT INTO Auteurs (nom,prenom) VALUES ('Schmidt','Stefan') ;
INSERT INTO Auteurs (nom,prenom) VALUES ('Aubert','Remi') ;
INSERT INTO Auteurs (nom,prenom) VALUES ('Jobidon','Patrick') ;
INSERT INTO Auteurs (nom,prenom) VALUES ('Hayat','Olivier') ;
INSERT INTO Auteurs (nom,prenom) VALUES ('Dallois','Jérémy') ;
INSERT INTO Auteurs (nom,prenom) VALUES ('Baly','Pierre-Alain') ;
INSERT INTO Auteurs (nom,prenom) VALUES ('Daubié','Eric') ;
INSERT INTO Auteurs (nom,prenom) VALUES ('Bureau','Etienne') ;
INSERT INTO Auteurs (nom,prenom) VALUES ('Destailleur','Bertrand') ;
INSERT INTO Auteurs (nom,prenom) VALUES ('Lachaussée','Sébastien') ;
INSERT INTO Auteurs (nom,prenom) VALUES ('Berthier','Aurélien') ;
INSERT INTO Auteurs (nom,prenom) VALUES ('De','Pascal') ;
INSERT INTO Auteurs (nom,prenom) VALUES ('Marx','Olivier') ;
INSERT INTO Auteurs (nom,prenom) VALUES ('Duhesme','Emmanuel') ;
INSERT INTO Auteurs (nom,prenom) VALUES ('Boulay','Philippe') ;
INSERT INTO Auteurs (nom,prenom) VALUES ('Lefrancq','Grégory') ;
INSERT INTO Auteurs (nom,prenom) VALUES ('Barthe','Olivier') ;
INSERT INTO Auteurs (nom,prenom) VALUES ('Denel','Frédéric') ;
INSERT INTO Auteurs (nom,prenom) VALUES ('Tormes','Xavier') ;
INSERT INTO Auteurs (nom,prenom) VALUES ('Fauconnier','Flore') ;
INSERT INTO Auteurs (nom,prenom) VALUES ('Venturini','Sébastien') ;
INSERT INTO Auteurs (nom,prenom) VALUES ('Touitou','Philippe') ;
INSERT INTO Auteurs (nom,prenom) VALUES ('Soumet','Claude') ;
INSERT INTO Auteurs (nom,prenom) VALUES ('Teissier','David') ;
INSERT INTO Auteurs (nom,prenom) VALUES ('Boniface','Judy') ;
INSERT INTO Auteurs (nom,prenom) VALUES ('Beyrouti','Grégory') ;
INSERT INTO Auteurs (nom,prenom) VALUES ('Jérôme','Renoux') ;
INSERT INTO Auteurs (nom,prenom) VALUES ('De','Marie') ;
INSERT INTO Auteurs (nom,prenom) VALUES ('Vigroux','Grégoire') ;
INSERT INTO Auteurs (nom,prenom) VALUES ('Walker','Brian') ;
INSERT INTO Auteurs (nom,prenom) VALUES ('Cannet','Pierre') ;
INSERT INTO Auteurs (nom,prenom) VALUES ('Ceyrolle','Thibaut') ;
INSERT INTO Auteurs (nom,prenom) VALUES ('Zeitoun','Alexandre') ;
INSERT INTO Auteurs (nom,prenom) VALUES ('Christophe','Bourbier') ;
INSERT INTO Auteurs (nom,prenom) VALUES ('Bizot','Laurent') ;
INSERT INTO Auteurs (nom,prenom) VALUES ('Bedel','Michel') ;
INSERT INTO Auteurs (nom,prenom) VALUES ('Dematté','Antoine') ;
INSERT INTO Auteurs (nom,prenom) VALUES ('Ozanne','Sébastien') ;
INSERT INTO Auteurs (nom,prenom) VALUES ('Henry','Jean-Christophe') ;
INSERT INTO Auteurs (nom,prenom) VALUES ('Chenudet','Arnaud') ;
INSERT INTO Auteurs (nom,prenom) VALUES ('Daoud','Emmanuel') ;
INSERT INTO Auteurs (nom,prenom) VALUES ('Tsagliotis','Adrien') ;
INSERT INTO Auteurs (nom,prenom) VALUES ('Massiet','Bruno') ;
INSERT INTO Auteurs (nom,prenom) VALUES ('Brogli','Marine') ;
INSERT INTO Auteurs (nom,prenom) VALUES ('Selinger','David') ;
INSERT INTO Auteurs (nom,prenom) VALUES ('Janicot','Jean-Christophe') ;
INSERT INTO Auteurs (nom,prenom) VALUES ('Amokhtari','Mos') ;
INSERT INTO Auteurs (nom,prenom) VALUES ('Caroopen','Tracie') ;
INSERT INTO Auteurs (nom,prenom) VALUES ('O'neill','Cédric') ;
INSERT INTO Auteurs (nom,prenom) VALUES ('Noel','Frédéric') ;
INSERT INTO Auteurs (nom,prenom) VALUES ('Duproz','Stéphane') ;
INSERT INTO Auteurs (nom,prenom) VALUES ('Lamellière','François-Emmanuel') ;
INSERT INTO Auteurs (nom,prenom) VALUES ('Baert','Sébastien') ;
INSERT INTO Auteurs (nom,prenom) VALUES ('Ballerin','Antoine') ;
INSERT INTO Auteurs (nom,prenom) VALUES ('Pikina','Anna') ;
INSERT INTO Auteurs (nom,prenom) VALUES ('Castagné','Régis') ;
INSERT INTO Auteurs (nom,prenom) VALUES ('Devisch','Nadine') ;
INSERT INTO Auteurs (nom,prenom) VALUES ('Racat','Michel') ;
INSERT INTO Auteurs (nom,prenom) VALUES ('Adamowicz','Marc') ;
INSERT INTO Auteurs (nom,prenom) VALUES ('De','Luc') ;
INSERT INTO Auteurs (nom,prenom) VALUES ('Jaffres','Ludovic') ;
INSERT INTO Auteurs (nom,prenom) VALUES ('Laverdet','Caroline') ;
INSERT INTO Auteurs (nom,prenom) VALUES ('De','David') ;
INSERT INTO Auteurs (nom,prenom) VALUES ('Cassina','Luca') ;
INSERT INTO Auteurs (nom,prenom) VALUES ('Portenschlager','Corinne') ;
INSERT INTO Auteurs (nom,prenom) VALUES ('Horton-Mastin','Tim') ;
INSERT INTO Auteurs (nom,prenom) VALUES ('Degryse','Didier') ;
INSERT INTO Auteurs (nom,prenom) VALUES ('Jaimes','Nicolas') ;
INSERT INTO Auteurs (nom,prenom) VALUES ('Lengaigne','Rémi') ;
INSERT INTO Auteurs (nom,prenom) VALUES ('Ramos','Olivier') ;
INSERT INTO Auteurs (nom,prenom) VALUES ('Klein','Aurélie') ;
INSERT INTO Auteurs (nom,prenom) VALUES ('Maakik','Smail') ;
INSERT INTO Auteurs (nom,prenom) VALUES ('Bourbier','Christophe') ;
INSERT INTO Auteurs (nom,prenom) VALUES ('Huckaby','Jeff') ;
INSERT INTO Auteurs (nom,prenom) VALUES ('Laurent','Jean-François') ;
INSERT INTO Auteurs (nom,prenom) VALUES ('Loebl','Zbynek') ;
INSERT INTO Auteurs (nom,prenom) VALUES ('Hamouten','Loubna') ;
INSERT INTO Auteurs (nom,prenom) VALUES ('Rault','Virgile') ;
INSERT INTO Auteurs (nom,prenom) VALUES ('Fairand','Candice') ;
INSERT INTO Auteurs (nom,prenom) VALUES ('Chiche','Cyril') ;
INSERT INTO Auteurs (nom,prenom) VALUES ('Creteur','Evanne') ;
INSERT INTO Auteurs (nom,prenom) VALUES ('Kaabachi','Souheila') ;
INSERT INTO Auteurs (nom,prenom) VALUES ('Ducoup','Julien') ;
INSERT INTO Auteurs (nom,prenom) VALUES ('Philippart','Christophe') ;
INSERT INTO Auteurs (nom,prenom) VALUES ('Robin','Patrick') ;
INSERT INTO Auteurs (nom,prenom) VALUES ('Dausse','Cédric') ;
INSERT INTO Auteurs (nom,prenom) VALUES ('Flamant','Patrick') ;
INSERT INTO Auteurs (nom,prenom) VALUES ('Rahoui','Youssef') ;
INSERT INTO Auteurs (nom,prenom) VALUES ('Draoulec','Hélène') ;
INSERT INTO Auteurs (nom,prenom) VALUES ('Cacheux','Camille') ;
INSERT INTO Auteurs (nom,prenom) VALUES ('Vuchot','Alexandre') ;
INSERT INTO Auteurs (nom,prenom) VALUES ('Debise','Cécile') ;
INSERT INTO Auteurs (nom,prenom) VALUES ('Goutal','Sébastien') ;
INSERT INTO Auteurs (nom,prenom) VALUES ('Gautrot','Alain') ;
INSERT INTO Auteurs (nom,prenom) VALUES ('Tcheng','Henri') ;
INSERT INTO Auteurs (nom,prenom) VALUES ('Journo','Franck') ;
INSERT INTO Auteurs (nom,prenom) VALUES ('Guyot','Henri') ;
INSERT INTO Auteurs (nom,prenom) VALUES ('Jacob','Julie') ;
INSERT INTO Auteurs (nom,prenom) VALUES ('Bocquenet','Grégory') ;
INSERT INTO Auteurs (nom,prenom) VALUES ('Comès-Bancaud','Laetitia') ;
INSERT INTO Auteurs (nom,prenom) VALUES ('Houang','Pingki') ;
INSERT INTO Auteurs (nom,prenom) VALUES ('Baert','Jean-Philippe') ;
INSERT INTO Auteurs (nom,prenom) VALUES ('Allab','Slimane') ;
INSERT INTO Auteurs (nom,prenom) VALUES ('Thiers','Benjamin') ;
INSERT INTO Auteurs (nom,prenom) VALUES ('Estrade','Matthieu') ;
INSERT INTO Auteurs (nom,prenom) VALUES ('Rofidal','Arnaud') ;
INSERT INTO Auteurs (nom,prenom) VALUES ('Fleury','Jean-Philippe') ;
INSERT INTO Auteurs (nom,prenom) VALUES ('Zipfel','Marion') ;
INSERT INTO Auteurs (nom,prenom) VALUES ('Belain','Nicolas') ;
INSERT INTO Auteurs (nom,prenom) VALUES ('Dana','Marc') ;
INSERT INTO Auteurs (nom,prenom) VALUES ('Marée','Christophe') ;
INSERT INTO Auteurs (nom,prenom) VALUES ('Boizard','Florent') ;
INSERT INTO Auteurs (nom,prenom) VALUES ('Brouat','Didier') ;
INSERT INTO Auteurs (nom,prenom) VALUES ('Dufief','Vincent') ;
INSERT INTO Auteurs (nom,prenom) VALUES ('Villain','Jean-Christophe') ;
INSERT INTO Auteurs (nom,prenom) VALUES ('Doliner','Michaël') ;
INSERT INTO Auteurs (nom,prenom) VALUES ('Christory','Charles') ;
INSERT INTO Auteurs (nom,prenom) VALUES ('Figon','Olivier') ;
INSERT INTO Auteurs (nom,prenom) VALUES ('Ciprian','Gauthier') ;
INSERT INTO Auteurs (nom,prenom) VALUES ('Reynolds','Paul') ;
INSERT INTO Auteurs (nom,prenom) VALUES ('Van','Stéphane') ;
INSERT INTO Auteurs (nom,prenom) VALUES ('Descroix-Vernier','Jean-Baptiste') ;
INSERT INTO Auteurs (nom,prenom) VALUES ('Guillon','Jean') ;
INSERT INTO Auteurs (nom,prenom) VALUES ('Cooke','Graham') ;
INSERT INTO Auteurs (nom,prenom) VALUES ('Usie','Wayne') ;
INSERT INTO Auteurs (nom,prenom) VALUES ('Perrier','Sébastien') ;
INSERT INTO Auteurs (nom,prenom) VALUES ('Moline','Arnaud') ;
INSERT INTO Auteurs (nom,prenom) VALUES ('Ben','Brahim') ;
INSERT INTO Auteurs (nom,prenom) VALUES ('Labarbarie','Eric') ;
INSERT INTO Auteurs (nom,prenom) VALUES ('Antonini','Nicolas') ;
INSERT INTO Auteurs (nom,prenom) VALUES ('Gasnier','Sébastien') ;
INSERT INTO Auteurs (nom,prenom) VALUES ('Rolland','Nelly') ;
INSERT INTO Auteurs (nom,prenom) VALUES ('Brissier','Jean-Luc') ;
INSERT INTO Auteurs (nom,prenom) VALUES ('Daudey','Bertrand') ;
INSERT INTO Auteurs (nom,prenom) VALUES ('Garnier','Alexandre') ;
INSERT INTO Auteurs (nom,prenom) VALUES ('Méli','Benoît') ;
INSERT INTO Auteurs (nom,prenom) VALUES ('Berguig','Matthieu') ;
INSERT INTO Auteurs (nom,prenom) VALUES ('Triboult','Christophe') ;
INSERT INTO Auteurs (nom,prenom) VALUES ('De','Alain') ;
INSERT INTO Auteurs (nom,prenom) VALUES ('Cordisco-Moreau','Emmanuel') ;
INSERT INTO Auteurs (nom,prenom) VALUES ('Insider','Business') ;
INSERT INTO Auteurs (nom,prenom) VALUES ('Le','Rémy') ;
INSERT INTO Auteurs (nom,prenom) VALUES ('Cousseau','Pauline') ;
INSERT INTO Auteurs (nom,prenom) VALUES ('Diehl','Alexandre') ;
INSERT INTO Auteurs (nom,prenom) VALUES ('Lemann','Frédéric') ;
INSERT INTO Auteurs (nom,prenom) VALUES ('Martin','Franck') ;
INSERT INTO Auteurs (nom,prenom) VALUES ('Gola','Romain') ;
INSERT INTO Auteurs (nom,prenom) VALUES ('De','Philippe') ;
INSERT INTO Auteurs (nom,prenom) VALUES ('Deltour','François') ;
INSERT INTO Auteurs (nom,prenom) VALUES ('Benoualid','Johan') ;
INSERT INTO Auteurs (nom,prenom) VALUES ('Bory','Georges') ;
INSERT INTO Auteurs (nom,prenom) VALUES ('Zobenbiehler','Hervé') ;
INSERT INTO Auteurs (nom,prenom) VALUES ('Edouard-Baraud','Renaud') ;
INSERT INTO Auteurs (nom,prenom) VALUES ('Heslaut','Joël') ;
INSERT INTO Auteurs (nom,prenom) VALUES ('Tessier','Guillaume') ;
INSERT INTO Auteurs (nom,prenom) VALUES ('Cusumano','Cary') ;
INSERT INTO Auteurs (nom,prenom) VALUES ('Boilard','Pierre-Etienne') ;
INSERT INTO Auteurs (nom,prenom) VALUES ('Wohltorf','Jens') ;
INSERT INTO Auteurs (nom,prenom) VALUES ('Parbhakar','Lionel') ;
INSERT INTO Auteurs (nom,prenom) VALUES ('Lacroix','Fabrice') ;
INSERT INTO Auteurs (nom,prenom) VALUES ('Aitamer','Aymeric') ;
INSERT INTO Auteurs (nom,prenom) VALUES ('Caussin','Christopher') ;
INSERT INTO Auteurs (nom,prenom) VALUES ('Bournouville','Arnaud') ;
INSERT INTO Auteurs (nom,prenom) VALUES ('Deleneuville','Matthieu') ;
INSERT INTO Auteurs (nom,prenom) VALUES ('Jacob','Damien') ;
INSERT INTO Auteurs (nom,prenom) VALUES ('Rubio','Rémy') ;
INSERT INTO Auteurs (nom,prenom) VALUES ('Holm','Erasmus') ;
INSERT INTO Auteurs (nom,prenom) VALUES ('Gaudet','Pierre') ;
INSERT INTO Auteurs (nom,prenom) VALUES ('Hassane','Rabi') ;
INSERT INTO Auteurs (nom,prenom) VALUES ('Kuhner','Christophe') ;
INSERT INTO Auteurs (nom,prenom) VALUES ('Delanglade','Xavier') ;
INSERT INTO Auteurs (nom,prenom) VALUES ('Pouy','Grégory') ;
INSERT INTO Auteurs (nom,prenom) VALUES ('Chaulet','Jean-Christophe') ;
INSERT INTO Auteurs (nom,prenom) VALUES ('Renault','Véronique') ;
INSERT INTO Auteurs (nom,prenom) VALUES ('De','Jehan') ;
INSERT INTO Auteurs (nom,prenom) VALUES ('Lévy','Stéphanie') ;
INSERT INTO Auteurs (nom,prenom) VALUES ('Ziegler','Justin') ;
INSERT INTO Auteurs (nom,prenom) VALUES ('Martineau','Sébastien') ;
INSERT INTO Auteurs (nom,prenom) VALUES ('Daid','Mac') ;
INSERT INTO Auteurs (nom,prenom) VALUES ('Vilbert','Christophe') ;
INSERT INTO Auteurs (nom,prenom) VALUES ('Biard','Romain') ;
INSERT INTO Auteurs (nom,prenom) VALUES ('Lheureux','Franck') ;
INSERT INTO Auteurs (nom,prenom) VALUES ('Viault','Jérémy') ;
INSERT INTO Auteurs (nom,prenom) VALUES ('Sauvageon','Yann') ;
INSERT INTO Auteurs (nom,prenom) VALUES ('Payre','Denis') ;
INSERT INTO Auteurs (nom,prenom) VALUES ('Solus','Jean-Christophe') ;
INSERT INTO Auteurs (nom,prenom) VALUES ('Célier','Thibault') ;
INSERT INTO Auteurs (nom,prenom) VALUES ('Serrurier','Emmanuel') ;
INSERT INTO Auteurs (nom,prenom) VALUES ('Goujon','Stéphanie') ;
INSERT INTO Auteurs (nom,prenom) VALUES ('Behar','Jonathan') ;
INSERT INTO Auteurs (nom,prenom) VALUES ('Zemor','Greg') ;
INSERT INTO Auteurs (nom,prenom) VALUES ('Jonquois','Bertrand') ;
INSERT INTO Auteurs (nom,prenom) VALUES ('Morel','Cécile') ;
INSERT INTO Auteurs (nom,prenom) VALUES ('Jauffret','Stéphane') ;
INSERT INTO Auteurs (nom,prenom) VALUES ('Sabourin','Florent') ;
INSERT INTO Auteurs (nom,prenom) VALUES ('Picquart','Gauthier') ;
INSERT INTO Auteurs (nom,prenom) VALUES ('Rosoor','Benjamin') ;
INSERT INTO Auteurs (nom,prenom) VALUES ('Teissonnière','Guillaume') ;
INSERT INTO Auteurs (nom,prenom) VALUES ('Wiltberger','Christopher') ;
INSERT INTO Auteurs (nom,prenom) VALUES ('Rahilou','Sabrina') ;
INSERT INTO Auteurs (nom,prenom) VALUES ('Gayat','Pascal') ;
INSERT INTO Auteurs (nom,prenom) VALUES ('Lieux','Jean-Paul') ;
INSERT INTO Auteurs (nom,prenom) VALUES ('Besnaïnou','Jonathan') ;
INSERT INTO Auteurs (nom,prenom) VALUES ('Teissier','Agnes') ;
INSERT INTO Auteurs (nom,prenom) VALUES ('Benhaim','Frederic') ;
INSERT INTO Auteurs (nom,prenom) VALUES ('Soskin','Ilana') ;
INSERT INTO Auteurs (nom,prenom) VALUES ('Kosciusko-Morizet','Pierre') ;
INSERT INTO Auteurs (nom,prenom) VALUES ('Devin','Cécile') ;
INSERT INTO Auteurs (nom,prenom) VALUES ('Verbiest','Thibault') ;
INSERT INTO Auteurs (nom,prenom) VALUES ('Soria','Pierre') ;
INSERT INTO Auteurs (nom,prenom) VALUES ('Rocca','Sébastien') ;
INSERT INTO Auteurs (nom,prenom) VALUES ('Varet','Vincent') ;
INSERT INTO Auteurs (nom,prenom) VALUES ('Suze','Jean-Sebastien') ;
INSERT INTO Auteurs (nom,prenom) VALUES ('Ellouk','Carole') ;
INSERT INTO Auteurs (nom,prenom) VALUES ('Bezes','Christophe') ;
INSERT INTO Auteurs (nom,prenom) VALUES ('Massicot','Jean-Baptiste') ;
INSERT INTO Auteurs (nom,prenom) VALUES ('Cremer','Christophe') ;
INSERT INTO Auteurs (nom,prenom) VALUES ('Louvet','Didier') ;
INSERT INTO Auteurs (nom,prenom) VALUES ('Premium','JDN') ;
INSERT INTO Auteurs (nom,prenom) VALUES ('Crenn','Jean-Paul') ;
INSERT INTO Auteurs (nom,prenom) VALUES ('Bricard','Rémy') ;
INSERT INTO Auteurs (nom,prenom) VALUES ('Wolff','Julien') ;
INSERT INTO Auteurs (nom,prenom) VALUES ('Feron','Benoit') ;
INSERT INTO Auteurs (nom,prenom) VALUES ('Razavi','Mahasti') ;
INSERT INTO Auteurs (nom,prenom) VALUES ('Chaplain','Majda') ;
INSERT INTO Auteurs (nom,prenom) VALUES ('A.','Eric') ;
INSERT INTO Auteurs (nom,prenom) VALUES ('Lorentz','Christian') ;
INSERT INTO Auteurs (nom,prenom) VALUES ('Censier','Laurent') ;
INSERT INTO Auteurs (nom,prenom) VALUES ('Honorat','Benoit') ;
INSERT INTO Auteurs (nom,prenom) VALUES ('Crochet-Damais','Antoine') ;
INSERT INTO Auteurs (nom,prenom) VALUES ('Corrot','Philippe') ;
INSERT INTO Auteurs (nom,prenom) VALUES ('Guillouzouic','Olivier') ;
INSERT INTO Auteurs (nom,prenom) VALUES ('Chavie','Rick') ;
INSERT INTO Auteurs (nom,prenom) VALUES ('Mani','Jérémie') ;
INSERT INTO Auteurs (nom,prenom) VALUES ('Dublanche','Romain') ;
INSERT INTO Auteurs (nom,prenom) VALUES ('Singh','Asim') ;
INSERT INTO Auteurs (nom,prenom) VALUES ('Lucas','Jérôme') ;
INSERT INTO Auteurs (nom,prenom) VALUES ('Philip','Rooke') ;
INSERT INTO Auteurs (nom,prenom) VALUES ('Douetteau','Florian') ;
INSERT INTO Auteurs (nom,prenom) VALUES ('Schillaci','Marc') ;
INSERT INTO Auteurs (nom,prenom) VALUES ('Deliquiet','Héloïse') ;
INSERT INTO Auteurs (nom,prenom) VALUES ('Bianchi','Philip') ;
INSERT INTO Auteurs (nom,prenom) VALUES ('Gendrel','Stéphane') ;
INSERT INTO Auteurs (nom,prenom) VALUES ('Legat','Valérie') ;
INSERT INTO Auteurs (nom,prenom) VALUES ('Millet','Lionel') ;
INSERT INTO Auteurs (nom,prenom) VALUES ('Loyer','Alexandre') ;
INSERT INTO Auteurs (nom,prenom) VALUES ('Donders','Stéphane') ;
INSERT INTO Auteurs (nom,prenom) VALUES ('Chemouny','Eric') ;
INSERT INTO Auteurs (nom,prenom) VALUES ('Simon','Henry') ;
INSERT INTO Auteurs (nom,prenom) VALUES ('Thierry','Francois') ;
INSERT INTO Auteurs (nom,prenom) VALUES ('Chantebel','Cédrick') ;
INSERT INTO Auteurs (nom,prenom) VALUES ('Delbecque','Céline') ;
INSERT INTO Auteurs (nom,prenom) VALUES ('Lecouf','Anthony') ;
INSERT INTO Auteurs (nom,prenom) VALUES ('Gomez','Agustín') ;
INSERT INTO Auteurs (nom,prenom) VALUES ('Théry','Olivier') ;
INSERT INTO Auteurs (nom,prenom) VALUES ('Fouris','Marie') ;
INSERT INTO Auteurs (nom,prenom) VALUES ('Gobillot','François') ;
INSERT INTO Auteurs (nom,prenom) VALUES ('Loubes','Charles') ;
INSERT INTO Auteurs (nom,prenom) VALUES ('Yvon','Laurence') ;
INSERT INTO Auteurs (nom,prenom) VALUES ('Rebeyrolle','Julia') ;
INSERT INTO Auteurs (nom,prenom) VALUES ('Hélène','Marie') ;
INSERT INTO Auteurs (nom,prenom) VALUES ('Mullenex','Diane') ;
INSERT INTO Auteurs (nom,prenom) VALUES ('Traisnel','Jérôme') ;
INSERT INTO Auteurs (nom,prenom) VALUES ('Seroux','Henri') ;
INSERT INTO Auteurs (nom,prenom) VALUES ('Bougerol','Alexandre') ;
INSERT INTO Auteurs (nom,prenom) VALUES ('Wielgus','Arnaud') ;
INSERT INTO Auteurs (nom,prenom) VALUES ('Viet','Jean-Baptiste') ;
INSERT INTO Auteurs (nom,prenom) VALUES ('Whatcott','Jeff') ;
INSERT INTO Auteurs (nom,prenom) VALUES ('Boussion','Bruno') ;
INSERT INTO Auteurs (nom,prenom) VALUES ('Hello','Yannick') ;
INSERT INTO Auteurs (nom,prenom) VALUES ('Naimy','Nabil') ;
INSERT INTO Auteurs (nom,prenom) VALUES ('Costechareyre','Eric') ;
INSERT INTO Auteurs (nom,prenom) VALUES ('Vialle','Pierre') ;
INSERT INTO Auteurs (nom,prenom) VALUES ('Sylvestre','Brandon') ;
INSERT INTO Auteurs (nom,prenom) VALUES ('Duyck','Pierre-François') ;
INSERT INTO Auteurs (nom,prenom) VALUES ('Billard','François') ;
INSERT INTO Auteurs (nom,prenom) VALUES ('Salanié','Laurent') ;
INSERT INTO Auteurs (nom,prenom) VALUES ('Abehsera','Valérie') ;
INSERT INTO Auteurs (nom,prenom) VALUES ('Danzin','Henri') ;
INSERT INTO Auteurs (nom,prenom) VALUES ('Gressier','Pierre') ;
INSERT INTO Auteurs (nom,prenom) VALUES ('Lionne','Philippe') ;
INSERT INTO Auteurs (nom,prenom) VALUES ('Le','Laurianne') ;
INSERT INTO Auteurs (nom,prenom) VALUES ('Malgem','Christophe') ;
INSERT INTO Auteurs (nom,prenom) VALUES ('Goaziou','Christian') ;
INSERT INTO Auteurs (nom,prenom) VALUES ('Cathie-Rosalie','Maître') ;
INSERT INTO Auteurs (nom,prenom) VALUES ('Campoy','David') ;
INSERT INTO Auteurs (nom,prenom) VALUES ('Da','Lynda') ;
INSERT INTO Auteurs (nom,prenom) VALUES ('Cron','Nicolas') ;
INSERT INTO Auteurs (nom,prenom) VALUES ('Balu','Emeline') ;
INSERT INTO Auteurs (nom,prenom) VALUES ('Hoffmann','Alexandre') ;
INSERT INTO Auteurs (nom,prenom) VALUES ('Flipo','Olivia') ;
INSERT INTO Auteurs (nom,prenom) VALUES ('Zayan','Franck') ;
INSERT INTO Auteurs (nom,prenom) VALUES ('Le','Jean-Pierre') ;
INSERT INTO Auteurs (nom,prenom) VALUES ('Perrin','Samuel') ;
INSERT INTO Auteurs (nom,prenom) VALUES ('De','Sébastien') ;
INSERT INTO Auteurs (nom,prenom) VALUES ('Quintin','Régis') ;
INSERT INTO Auteurs (nom,prenom) VALUES ('Ogé','Nicolas') ;
INSERT INTO Auteurs (nom,prenom) VALUES ('Brunet','Emmanuel') ;
INSERT INTO Auteurs (nom,prenom) VALUES ('Cherki','Jonathan') ;
INSERT INTO Auteurs (nom,prenom) VALUES ('Jodry','Christophe') ;
INSERT INTO Auteurs (nom,prenom) VALUES ('Touzeau','Betty') ;
INSERT INTO Auteurs (nom,prenom) VALUES ('Echinard','Nathalie') ;
INSERT INTO Auteurs (nom,prenom) VALUES ('Bernard','Jean-Luc') ;
INSERT INTO Auteurs (nom,prenom) VALUES ('J-Courville-Marceau','Laurence') ;
INSERT INTO Auteurs (nom,prenom) VALUES ('Dalsace','Patrick') ;
INSERT INTO Auteurs (nom,prenom) VALUES ('Njamfa','Olivier') ;
INSERT INTO Auteurs (nom,prenom) VALUES ('Picard','Thierry') ;
INSERT INTO Auteurs (nom,prenom) VALUES ('Lemay','Thibaut') ;
INSERT INTO Auteurs (nom,prenom) VALUES ('de','Marine') ;
INSERT INTO Auteurs (nom,prenom) VALUES ('Toucheboeuf','Jérôme') ;
INSERT INTO Auteurs (nom,prenom) VALUES ('Coquard','Pierre') ;
INSERT INTO Auteurs (nom,prenom) VALUES ('Masson','Nicolas') ;
INSERT INTO Auteurs (nom,prenom) VALUES ('Uccello-Jammes','Anne-Sophie') ;
INSERT INTO Auteurs (nom,prenom) VALUES ('Tal','Motti') ;
INSERT INTO Auteurs (nom,prenom) VALUES ('Behaghel','Thibaut') ;
INSERT INTO Auteurs (nom,prenom) VALUES ('Laboulbene','Jérémie') ;
INSERT INTO Auteurs (nom,prenom) VALUES ('Bourreau','Leïa') ;
INSERT INTO Auteurs (nom,prenom) VALUES ('Lesage','Adrien') ;
INSERT INTO Auteurs (nom,prenom) VALUES ('André','Peggy') ;
INSERT INTO Auteurs (nom,prenom) VALUES ('Descamps','Magali') ;
INSERT INTO Auteurs (nom,prenom) VALUES ('Bertaux','Olivier') ;
INSERT INTO Auteurs (nom,prenom) VALUES ('Cornish','Gareth') ;
INSERT INTO Auteurs (nom,prenom) VALUES ('Stefani','Matthieu') ;
INSERT INTO Auteurs (nom,prenom) VALUES ('Marlois','Arnaud') ;
INSERT INTO Auteurs (nom,prenom) VALUES ('Perrier','Franck') ;
INSERT INTO Auteurs (nom,prenom) VALUES ('Duranton','François') ;
INSERT INTO Auteurs (nom,prenom) VALUES ('Ayech','Mohamed') ;
INSERT INTO Auteurs (nom,prenom) VALUES ('Hobein','Eric') ;
INSERT INTO Auteurs (nom,prenom) VALUES ('Malouf','Daniel') ;
INSERT INTO Auteurs (nom,prenom) VALUES ('Verot','Olivier') ;
INSERT INTO Auteurs (nom,prenom) VALUES ('Moussay','Emmanuel') ;
INSERT INTO Auteurs (nom,prenom) VALUES ('Heslouin','Matthieu') ;
INSERT INTO Auteurs (nom,prenom) VALUES ('Sedouramane','Hugo') ;
INSERT INTO Auteurs (nom,prenom) VALUES ('Varinard','Maxime') ;
INSERT INTO Auteurs (nom,prenom) VALUES ('Vargel','Lionel') ;
INSERT INTO Auteurs (nom,prenom) VALUES ('Szabo','Odile') ;
INSERT INTO Auteurs (nom,prenom) VALUES ('Laik','Pascal') ;
INSERT INTO Auteurs (nom,prenom) VALUES ('Derisbourg','David') ;
INSERT INTO Auteurs (nom,prenom) VALUES ('Fortier','Eric-Alexis') ;
INSERT INTO Auteurs (nom,prenom) VALUES ('Dewavrin','Dimitri') ;
INSERT INTO Auteurs (nom,prenom) VALUES ('Beranger','Anne-Laure') ;
INSERT INTO Auteurs (nom,prenom) VALUES ('Gryson','Valérie') ;
INSERT INTO Auteurs (nom,prenom) VALUES ('Peltier','Alban') ;
INSERT INTO Auteurs (nom,prenom) VALUES ('Lolivier','Marc') ;
INSERT INTO Auteurs (nom,prenom) VALUES ('Cordina','Paul') ;
INSERT INTO Auteurs (nom,prenom) VALUES ('Danesi','Stéphanie') ;
INSERT INTO Auteurs (nom,prenom) VALUES ('Karayan','Raphaele') ;
INSERT INTO Auteurs (nom,prenom) VALUES ('Hospital','Stéphanie') ;
INSERT INTO Auteurs (nom,prenom) VALUES ('Parrou','Julien') ;
INSERT INTO Auteurs (nom,prenom) VALUES ('Nguyen','Anh-Vu') ;
INSERT INTO Auteurs (nom,prenom) VALUES ('Arnal','Jean-Jacques') ;
INSERT INTO Auteurs (nom,prenom) VALUES ('Weisselberger','Yves') ;
INSERT INTO Auteurs (nom,prenom) VALUES ('Rooke','Philip') ;
INSERT INTO Auteurs (nom,prenom) VALUES ('Desnoës','Guillaume') ;
INSERT INTO Auteurs (nom,prenom) VALUES ('Leven','Antoine') ;
INSERT INTO Auteurs (nom,prenom) VALUES ('Schwab','Anne-Marie') ;
INSERT INTO Auteurs (nom,prenom) VALUES ('Durand','Frédéric') ;
INSERT INTO Auteurs (nom,prenom) VALUES ('Pour','Offremedia.com') ;
INSERT INTO Auteurs (nom,prenom) VALUES ('Atrous','Emna') ;
INSERT INTO Auteurs (nom,prenom) VALUES ('Isaac','Henri') ;
INSERT INTO Auteurs (nom,prenom) VALUES ('Botteri','Philippe') ;
INSERT INTO Auteurs (nom,prenom) VALUES ('Gauthier','Pascal') ;
INSERT INTO Auteurs (nom,prenom) VALUES ('Cahen','Murielle') ;
INSERT INTO Auteurs (nom,prenom) VALUES ('Kraus','Carsten') ;
INSERT INTO Auteurs (nom,prenom) VALUES ('Ménard','Allan') ;
INSERT INTO Auteurs (nom,prenom) VALUES ('Frances','Eric') ;
INSERT INTO Auteurs (nom,prenom) VALUES ('Briguet','Jean-Philippe') ;
INSERT INTO Auteurs (nom,prenom) VALUES ('Baumard','Maxime') ;
INSERT INTO Auteurs (nom,prenom) VALUES ('Crouzillacq','Philippe') ;
INSERT INTO Auteurs (nom,prenom) VALUES ('Froger','Mickael') ;
INSERT INTO Auteurs (nom,prenom) VALUES ('Martin','Olivier') ;
INSERT INTO Auteurs (nom,prenom) VALUES ('Julienne','Laurent') ;
INSERT INTO Auteurs (nom,prenom) VALUES ('Broche','Daniel') ;
